005U0000003YLZHIA4,2021-10-09T06:32:34.000Z,Email that users receive with their verification code.,Experience Cloud: Device Activation Verification Email,00X4O000001J1d7UAC,TRUE,FALSE,005U0000003YLZHIA4,2021-10-09T06:32:34.000Z,,005U0000003YLZHIA4,
0050B000007vgOSQAY,2018-12-07T21:08:49.000Z,,Deal review policy enforcement mail template,00X0B000000vqDxUAI,TRUE,FALSE,0050B000007vgOSQAY,2018-12-07T21:08:49.000Z,,0050B000007vgOSQAY,
0050B000006EboLQAS,2021-12-21T00:40:45.000Z,Acknowledge the threat and offer a response to log4j,TECS log4j Response (HTML),00X4O000001J2wFUAS,TRUE,FALSE,0050B000006EboLQAS,2021-12-21T01:00:09.000Z,2021-12-21T01:06:45.000Z,0050B000006EboLQAS,123
0050B000007vgOSQAY,2021-06-08T13:23:34.000Z,When case is created in case auto response rule,JIRA Case Creation,00X4O000000ONHNUA4,TRUE,FALSE,0054O000009AdLeQAK,2021-10-21T08:18:24.000Z,,0050B000007vgOSQAY,
0050B000007vgOSQAY,2021-06-08T13:23:34.000Z,Sent email to case owner when ever its created and edited.,JIRA Case Updation,00X4O000000ONHOUA4,TRUE,FALSE,0050B000007vgOSQAY,2021-06-08T13:23:34.000Z,,0050B000007vgOSQAY,
0050B000007vgOSQAY,2021-06-08T13:23:34.000Z,,JIRA First Response,00X4O000000ONHPUA4,TRUE,FALSE,0050B000007vgOSQAY,2021-06-08T13:23:34.000Z,,0050B000007vgOSQAY,
0050B000007vgOSQAY,2021-06-08T13:23:34.000Z,when case severity time has expired,JIRA First Response Expire,00X4O000000ONHQUA4,TRUE,FALSE,0050B000007vgOSQAY,2021-06-08T13:23:34.000Z,,0050B000007vgOSQAY,
0050B000007vgOSQAY,2021-06-08T13:23:34.000Z,,JIRA Resolution Due Time,00X4O000000ONHRUA4,TRUE,FALSE,0050B000007vgOSQAY,2021-06-08T13:23:34.000Z,,0050B000007vgOSQAY,
0050B000007vgOSQAY,2021-06-08T13:23:34.000Z,,JIRA Resolution Time Expire,00X4O000000ONHSUA4,TRUE,FALSE,0050B000007vgOSQAY,2021-06-08T13:23:34.000Z,,0050B000007vgOSQAY,
0050B000007vgOSQAY,2021-06-08T13:23:34.000Z,,Jira-severity-1,00X4O000000ONHTUA4,TRUE,FALSE,0050B000007vgOSQAY,2021-06-08T13:23:34.000Z,,0050B000007vgOSQAY,
0050B000007vgOSQAY,2021-06-08T13:23:34.000Z,,Case resolution time warning,00X4O000000ONHKUA4,TRUE,FALSE,0050B000007vgOSQAY,2021-06-08T13:23:34.000Z,,0050B000007vgOSQAY,
0050B000007vgOSQAY,2021-06-08T13:23:34.000Z,Jira case update,JIRA_CaseUpdateTemplate,00X4O000000ONHLUA4,TRUE,FALSE,0050B000007vgOSQAY,2021-06-08T13:23:34.000Z,,0050B000007vgOSQAY,
0050B000007vgOSQAY,2021-06-08T13:23:34.000Z,,JIRA Case Closed,00X4O000000ONHMUA4,TRUE,FALSE,0050B000007vgOSQAY,2021-06-08T13:23:34.000Z,,0050B000007vgOSQAY,
005U0000003YLZHIA4,2022-02-12T07:27:31.000Z,This email template applies to self-registration requests that are processed in batches after the request is submitted. A user receives this email when there is an error processing their self-registration request.,Experience Cloud: Self-Registration Micro-Batch Submission Error User Email,00X4O000001J3peUAC,TRUE,FALSE,005U0000003YLZHIA4,2022-02-12T07:27:31.000Z,,005U0000003YLZHIA4,
005U0000003NbzJIAS,2014-10-06T16:37:20.000Z,Sample email template that can be sent to your Self-Service customers to notify them a public comment has been added to their case.,SUPPORT:  Self-Service New Comment Notification (SAMPLE),00XU0000000abAIMAY,TRUE,FALSE,005U0000003NbzJIAS,2014-10-06T16:37:20.000Z,,005U0000003NbzJIAS,
005U0000003NbzJIAS,2014-10-06T16:37:20.000Z,Notification of new password when Self-Service password is reset,SUPPORT:  Self-Service Reset Password  (SAMPLE),00XU0000000abAJMAY,TRUE,FALSE,005U0000003NbzJIAS,2014-10-06T16:37:20.000Z,,005U0000003NbzJIAS,
005U0000003NbzJIAS,2014-10-06T16:37:20.000Z,Notification of login and password to new Self-Service user,SUPPORT:  Self-Service New User Login Information (SAMPLE),00XU0000000abAKMAY,TRUE,FALSE,005U0000003NbzJIAS,2014-10-06T16:37:20.000Z,,005U0000003NbzJIAS,
005U0000003NbzJIAS,2014-10-06T16:37:20.000Z,Auto-response when new lead is submitted online.,Leads:  Web-to-Lead email response (SAMPLE),00XU0000000abALMAY,TRUE,FALSE,005U0000003NbzJIAS,2014-10-06T16:37:20.000Z,,005U0000003NbzJIAS,
005U0000003NbzJIAS,2014-10-06T16:37:20.000Z,Follow up on meeting,Contact: Follow Up (SAMPLE),00XU0000000abAMMAY,TRUE,FALSE,005U0000003NbzJIAS,2014-10-06T16:37:20.000Z,2015-11-11T20:55:55.000Z,005U0000003NbzJIAS,5
005U0000003NbzJIAS,2014-10-06T16:37:20.000Z,Internal notification to lead owner when new lead is assigned.,Leads:  New assignment notification (SAMPLE),00XU0000000abANMAY,TRUE,FALSE,005U0000003NbzJIAS,2014-10-06T16:37:20.000Z,,005U0000003NbzJIAS,
005U0000003NbzJIAS,2014-10-06T16:37:20.000Z,Internal notification when case is escalated.,SUPPORT: Case escalation notification (SAMPLE),00XU0000000abAOMAY,TRUE,FALSE,005U0000003NbzJIAS,2014-10-06T16:37:20.000Z,,005U0000003NbzJIAS,
005U0000003NbzJIAS,2014-10-06T16:37:20.000Z,Auto-response when new case is submitted online.,SUPPORT:  Web-to-Case email response (SAMPLE),00XU0000000abAPMAY,TRUE,FALSE,005U0000003NbzJIAS,2014-10-06T16:37:20.000Z,,005U0000003NbzJIAS,
005U0000003NbzJIAS,2014-10-06T16:37:20.000Z,Internal notification to case owner when case is assigned.,SUPPORT:  New assignment notification (SAMPLE),00XU0000000abAQMAY,TRUE,FALSE,005U0000003NbzJIAS,2014-10-06T16:37:20.000Z,,005U0000003NbzJIAS,
005U0000003NbzJIAS,2014-10-06T16:37:20.000Z,Standard template for responses to customer inquiries.,SUPPORT: Case Response with Solution (SAMPLE),00XU0000000abARMAY,TRUE,FALSE,005U0000003NbzJIAS,2014-10-06T16:37:20.000Z,,005U0000003NbzJIAS,
005U0000003NbzJIAS,2014-10-06T16:37:20.000Z,Notification of login and password to new Self-Service user,SUPPORT: Self-Service New User Login (SAMPLE),00XU0000000abASMAY,TRUE,FALSE,005U0000003NbzJIAS,2014-10-06T16:37:20.000Z,,005U0000003NbzJIAS,
005U0000003NbzJIAS,2014-10-06T16:37:20.000Z,Notification of new password when Self-Service password is reset,SUPPORT: Self-Service Reset Password (SAMPLE),00XU0000000abATMAY,TRUE,FALSE,005U0000003NbzJIAS,2014-10-06T16:37:20.000Z,,005U0000003NbzJIAS,
005U0000003NbzJIAS,2014-10-06T16:37:20.000Z,Sample email template that can be sent to your Self-Service customers to notify them a public comment has been added to their case.,SUPPORT: Self-Service New Comment (SAMPLE),00XU0000000abAUMAY,TRUE,FALSE,005U0000003NbzJIAS,2014-10-06T16:37:20.000Z,,005U0000003NbzJIAS,
005U000000668oDIAQ,2017-01-06T22:57:55.000Z,"Touch 4, Day 8 FP&A - oil and gas","Touch 4, Day 8 FP&A oil and gas",00X0B000000NjHGUA0,TRUE,FALSE,005U000000668oDIAQ,2017-03-09T22:04:22.000Z,2017-03-16T19:24:24.000Z,005U000000668oDIAQ,3026
005U0000005YvgzIAC,2015-08-25T21:40:55.000Z,,Monday Follow-up E-mails,00XU00000011kLlMAI,TRUE,FALSE,005U0000005YvgzIAC,2015-08-25T21:55:19.000Z,2015-09-01T16:05:50.000Z,005U0000005YvgzIAC,7
005U000000668oDIAQ,2016-10-31T16:56:22.000Z,Treasury - use case - Oracle,Treasury - use case - Oracle,00X0B000000Ngx4UAC,TRUE,FALSE,005U000000668oDIAQ,2016-10-31T16:57:51.000Z,,005U000000668oDIAQ,
005U000000668oDIAQ,2016-10-27T21:28:04.000Z,Product Agnostic FP&A,"FP&A - speed, collaboration",00X0B000000Ngt2UAC,TRUE,FALSE,005U000000668oDIAQ,2016-11-01T14:56:57.000Z,2016-11-04T21:17:25.000Z,005U000000668oDIAQ,9
005U000000668oDIAQ,2016-08-15T18:10:26.000Z,,Financial Planning and Reporting,00XU0000000eC8jMAE,TRUE,FALSE,005U000000668oDIAQ,2016-09-20T20:09:37.000Z,2016-08-17T21:59:12.000Z,005U000000668oDIAQ,17
0054O000007xVGMQA2,2019-09-04T11:04:34.000Z,Email alert is sent depending on Demand Waterfall stage.,LeadIsReadyTGL,00X4O000001IguHUAS,TRUE,FALSE,0054O000007xVGMQA2,2019-09-04T11:19:22.000Z,,0054O000007xVGMQA2,
0054O000007xVGMQA2,2019-09-04T11:43:19.000Z,,ContactIsReadyTQL,00X4O000001IguMUAS,TRUE,FALSE,0054O000007xVGMQA2,2019-09-04T11:45:17.000Z,,0054O000007xVGMQA2,
0050B000006EboLQAS,2019-06-14T20:40:31.000Z,Sends email notification to Public Group PIMS,Case - New PIMS Case,00X4O000000vsjMUAQ,TRUE,FALSE,0050B000007vgOSQAY,2021-06-08T13:23:34.000Z,,0050B000006EboLQAS,
0050B000007vgOSQAY,2019-09-30T11:58:09.000Z,,Workday Auto,00X4O000001IhTqUAK,TRUE,FALSE,005U0000003qwMOIAY,2019-09-30T15:39:58.000Z,,0050B000007vgOSQAY,
005U0000003qa9PIAQ,2019-04-12T15:08:35.000Z,,Downtime Resolved,00X4O000000edZeUAI,TRUE,FALSE,005U0000003qa9PIAQ,2019-04-12T15:11:19.000Z,2021-05-18T18:44:28.000Z,005U0000003qa9PIAQ,59
005U0000003qa9PIAQ,2019-04-11T23:34:11.000Z,,Downtime for Hosted Clients,00X4O000000edYvUAI,TRUE,FALSE,005U0000003qa9PIAQ,2019-04-12T15:05:58.000Z,2021-08-25T14:40:15.000Z,005U0000003qa9PIAQ,116
005U0000003qa9PIAQ,2019-04-12T15:07:39.000Z,,Downtime (1 hour +) for Hosted Clients,00X4O000000edZZUAY,TRUE,FALSE,005U0000003qa9PIAQ,2019-04-12T15:11:11.000Z,,005U0000003qa9PIAQ,
005U0000003YLZHIA4,2020-10-17T06:21:25.000Z,Email that users receive on their old email when their email is changed,Communities: Old Email - Change Email Verification,00X4O000000OH45UAG,TRUE,FALSE,005U0000003YLZHIA4,2020-10-17T06:21:25.000Z,,005U0000003YLZHIA4,
005U0000003YLZHIA4,2020-10-17T06:21:25.000Z,Email that users receive on their new email when their email is changed,Communities: New Email - Change Email Verification,00X4O000000OH46UAG,TRUE,FALSE,005U0000003YLZHIA4,2020-10-17T06:21:25.000Z,,005U0000003YLZHIA4,
0054O000009YkpoQAC,2021-07-12T02:29:58.000Z,,Ring the Bell Announcement ES&A,00X4O000000wPHYUA2,TRUE,FALSE,0054O000009YkpoQAC,2021-07-12T07:55:38.000Z,,0054O000009YkpoQAC,
005U000000668oDIAQ,2016-09-27T14:21:56.000Z,,Dreamforce 2016,00X0B000000NfRCUA0,TRUE,FALSE,005U000000668oDIAQ,2016-09-28T21:57:30.000Z,2016-09-28T22:00:32.000Z,005U000000668oDIAQ,18
0050B000007vgOSQAY,2021-05-12T14:17:15.000Z,,Ace Intake form,00X4O000000OMk1UAG,TRUE,FALSE,0050B000007vgOSQAY,2021-05-12T14:17:15.000Z,,0050B000007vgOSQAY,
0050B000007vgOSQAY,2021-04-05T03:14:14.000Z,,NPSSurvey:Thankyou,00X4O000000OLjgUAG,TRUE,FALSE,0050B000007vgOSQAY,2021-04-05T03:14:14.000Z,,0050B000007vgOSQAY,
0050B000007vgOSQAY,2021-04-05T03:14:14.000Z,,NPS : Non Responder emails,00X4O000000OLjhUAG,TRUE,FALSE,0050B000007vgOSQAY,2021-04-05T03:14:14.000Z,,0050B000007vgOSQAY,
005U0000003p98gIAA,2015-02-07T17:52:51.000Z,Used for sales credit approval,Sales Credit Approval,00XU0000000jzmBMAQ,TRUE,FALSE,005U0000003p98gIAA,2015-02-07T17:52:51.000Z,,005U0000003p98gIAA,
005U0000003qa9PIAQ,2020-03-09T17:02:14.000Z,,Pager Duty,00X4O000001IkLpUAK,TRUE,FALSE,005U0000003qa9PIAQ,2020-03-09T17:19:07.000Z,,005U0000003qa9PIAQ,
005U0000003qa58IAA,2018-06-18T19:13:36.000Z,,ETC - New ETC Request,00X0B000000vlGIUAY,TRUE,FALSE,005U0000003qa58IAA,2018-06-18T19:16:25.000Z,,005U0000003qa58IAA,
005U000000662tHIAQ,2020-01-23T16:03:21.000Z,A notification regarding an error that occur during a Leadspace Sync activity,Leadspace Sync Activity Error,00X4O000001IjVeUAK,TRUE,FALSE,005U000000662tHIAQ,2020-01-23T16:03:21.000Z,,005U000000662tHIAQ,
005U000000662tHIAQ,2020-01-23T16:03:21.000Z,Leadspace sync activity notification to owner and other recipients,Leadspace Sync Activity Status,00X4O000001IjVfUAK,TRUE,FALSE,005U000000662tHIAQ,2020-01-23T16:03:21.000Z,,005U000000662tHIAQ,
0050B000006EboLQAS,2020-02-10T22:02:36.000Z,Send a confirmation email to clients when they submit a case.,Customer Success Client Confirmation,00X4O000001Ijs4UAC,TRUE,FALSE,0050B000006EboLQAS,2020-02-20T17:45:55.000Z,,0050B000006EboLQAS,
0050B000006EboLQAS,2020-02-10T22:02:36.000Z,,Customer Success Ownership,00X4O000001Ijs5UAC,TRUE,FALSE,0050B000006EboLQAS,2020-02-10T22:02:36.000Z,,0050B000006EboLQAS,
0050B000006EboLQAS,2020-02-10T22:02:36.000Z,,Customer Success Password Recovery,00X4O000001Ijs6UAC,TRUE,FALSE,0050B000006EboLQAS,2020-02-10T22:02:36.000Z,,0050B000006EboLQAS,
005U000000668oDIAQ,2016-09-27T18:52:02.000Z,,Health Insurance Analytics,00X0B000000NfUkUAK,TRUE,FALSE,005U000000668oDIAQ,2016-09-27T18:52:02.000Z,2016-09-27T19:23:10.000Z,005U000000668oDIAQ,1
0050B000007vlfdQAA,2021-04-17T17:57:47.000Z,,NPS:Reminder Mail_HTML,00X4O000000OMAcUAO,TRUE,FALSE,0050B000007vlfdQAA,2021-08-20T10:12:56.000Z,,0050B000007vlfdQAA,
0050B000007vlfdQAA,2021-04-17T17:57:48.000Z,,NPS _Custom_Thank You Template,00X4O000000OMAdUAO,TRUE,FALSE,0050B000007vlfdQAA,2021-04-21T21:20:24.000Z,,0050B000007vlfdQAA,
0054O000009YkpoQAC,2021-07-13T15:00:47.000Z,,"""Ring the Bell"" Announcement ES&A",00X4O000000wPJAUA2,TRUE,FALSE,0054O000009YkpoQAC,2021-07-13T15:00:47.000Z,,0054O000009YkpoQAC,
005U0000003qwMOIAY,2018-05-18T14:22:11.000Z,,HBA - Opportunity Closed > Upload Materials,00X0B000000vkQMUAY,TRUE,FALSE,005U0000003qwMOIAY,2018-05-18T14:22:11.000Z,,005U0000003qwMOIAY,
0050B000006EkIOQA0,2018-07-02T15:46:25.000Z,,CD - 2018 WRIHC - Partners non-CEO,00X0B000000vlawUAA,TRUE,FALSE,0050B000006EkIOQA0,2018-07-02T15:48:52.000Z,2018-07-02T15:57:25.000Z,0050B000006EkIOQA0,5
0050B000006EkIOQA0,2018-07-02T17:36:13.000Z,,CD - 2018 WRIHC - nonPartners CEO,00X0B000000vlb6UAA,TRUE,FALSE,0050B000006EkIOQA0,2018-07-10T23:49:06.000Z,2018-07-11T03:36:36.000Z,0050B000006EkIOQA0,76
005U0000003qa58IAA,2018-01-10T18:53:13.000Z,,Case - New Central Analyst Case,00X0B000000vhxhUAA,TRUE,FALSE,005U0000003qa58IAA,2018-02-19T22:56:52.000Z,,005U0000003qa58IAA,
005U0000003otDUIAY,2015-04-17T13:11:02.000Z,Email Template for New Sales Excellence case notification,New Case Notification - Sales Excellence,00XU0000000kJ4EMAU,TRUE,FALSE,005U0000003qwMOIAY,2015-04-21T16:39:49.000Z,,005U0000003otDUIAY,
005U000000668oDIAQ,2016-08-02T20:39:47.000Z,all companies,SPM - sales predictive analytics,00XU0000000eAnQMAU,TRUE,FALSE,005U000000668oDIAQ,2016-09-22T16:22:37.000Z,2016-12-12T20:03:29.000Z,005U000000668oDIAQ,130
005U000000668oDIAQ,2016-08-18T21:18:12.000Z,,CRM agnostic and PBCS,00XU0000000eCULMA2,TRUE,FALSE,005U000000668oDIAQ,2016-08-18T21:18:12.000Z,2016-11-01T16:25:03.000Z,005U000000668oDIAQ,33
005U000000668oDIAQ,2016-08-18T20:34:58.000Z,,SFDC and PBCS campaign,00XU0000000eCU6MAM,TRUE,FALSE,005U000000668oDIAQ,2016-08-18T20:34:58.000Z,2016-09-29T16:07:40.000Z,005U000000668oDIAQ,7
005U0000003qwMOIAY,2018-08-15T19:41:49.000Z,,Life Sciences - Opp in Explore Stage,00X0B000000vmhHUAQ,TRUE,FALSE,005U0000003qwMOIAY,2018-10-09T14:37:36.000Z,,005U0000003qwMOIAY,
005U0000003qwMOIAY,2018-08-15T19:41:50.000Z,,Life Sciences - Project Folder Creation,00X0B000000vmhIUAQ,TRUE,FALSE,005U0000003qwMOIAY,2018-10-09T14:36:44.000Z,,005U0000003qwMOIAY,
005U0000003qwMOIAY,2018-08-15T19:41:50.000Z,,Life Sciences - Prospect Folder Creation,00X0B000000vmhJUAQ,TRUE,FALSE,005U0000003qwMOIAY,2018-10-09T14:35:54.000Z,,005U0000003qwMOIAY,
005U000000668oDIAQ,2016-07-13T14:42:49.000Z,,Transparent Reporting and improving time to report,00XU0000000e8UpMAI,TRUE,FALSE,005U000000668oDIAQ,2016-07-14T19:13:56.000Z,2016-07-14T19:12:56.000Z,005U000000668oDIAQ,5
005U000000668oDIAQ,2017-02-21T16:50:08.000Z,You are invited to the webcast: Justify Your Journey to the Cloud,You are invited to the webcast: Justify Your Journey to the Cloud,00X0B000000Nl6KUAS,TRUE,FALSE,005U000000668oDIAQ,2017-02-21T17:04:54.000Z,2017-03-08T18:05:03.000Z,005U000000668oDIAQ,1293
005U000000668oDIAQ,2017-02-20T22:34:15.000Z,,FCCS touch 1,00X0B000000Nl52UAC,TRUE,FALSE,005U000000668oDIAQ,2017-02-20T22:34:15.000Z,2017-02-21T16:40:04.000Z,005U000000668oDIAQ,642
005U000000668oDIAQ,2016-04-13T16:39:48.000Z,,General Huron Introduction,00XU0000000v39wMAA,TRUE,FALSE,005U000000668oDIAQ,2016-05-04T19:28:27.000Z,2016-11-23T15:50:20.000Z,005U000000668oDIAQ,125
005U000000668oDIAQ,2016-04-13T17:56:04.000Z,,Director of Sales Peformance/Planning,00XU0000000v3AaMAI,TRUE,FALSE,005U000000668oDIAQ,2016-05-26T14:46:42.000Z,2016-08-26T21:11:41.000Z,005U000000668oDIAQ,132
005U000000668oDIAQ,2016-04-12T18:57:41.000Z,A modernized financial close,FCCS 1,00XU0000000v36OMAQ,TRUE,FALSE,005U000000668oDIAQ,2016-12-29T22:11:14.000Z,2016-12-30T21:44:54.000Z,005U000000668oDIAQ,2198
005U0000003p98gIAA,2015-02-04T22:04:17.000Z,Standard template for responses to customer inquiries.,Case: Case Comments,00XU0000000jvZ3MAI,TRUE,FALSE,005U0000003p98gIAA,2015-02-04T22:04:17.000Z,2016-01-15T18:32:00.000Z,005U0000003p98gIAA,6
005U0000003p98gIAA,2015-02-04T22:04:17.000Z,Email sent if Roll-up of Acutals and Projected are +- Actual,HC:  10% over under,00XU0000000jvZ4MAI,TRUE,FALSE,005U0000003p98gIAA,2015-02-04T22:04:17.000Z,,005U0000003p98gIAA,
005U0000003p98gIAA,2015-02-04T22:04:17.000Z,HC template:  When On Hold Opportunity is auto-set to close,HC Opportunity:  On Hold,00XU0000000jvZ5MAI,TRUE,FALSE,005U0000003p98gIAA,2015-02-04T22:04:17.000Z,,005U0000003p98gIAA,
005U0000003p98gIAA,2015-02-04T22:04:17.000Z,New logo approval for Legal,New Logo Approval,00XU0000000jvZ6MAI,TRUE,FALSE,005U0000003otDUIAY,2015-04-07T18:36:47.000Z,2016-03-07T22:14:17.000Z,005U0000003p98gIAA,1
005U0000003p98gIAA,2015-02-04T22:04:17.000Z,Generic Sales Credit Approval Template,Sales Credit:  Approval Template,00XU0000000jvZ7MAI,TRUE,FALSE,005U0000003qwMOIAY,2016-11-03T17:23:05.000Z,,005U0000003p98gIAA,
005U0000003p98gIAA,2015-04-04T18:33:52.000Z,ECM Template,ECM Template,00XU0000000kGIcMAM,TRUE,FALSE,005U0000003p98gIAA,2015-04-04T18:33:52.000Z,,005U0000003p98gIAA,
005U0000003p98gIAA,2015-04-04T18:33:52.000Z,,Legal: 75% Opportunity Ansley's Team,00XU0000000kGIdMAM,TRUE,FALSE,005U0000003p98gIAA,2015-04-04T18:33:52.000Z,,005U0000003p98gIAA,
005U0000003p98gIAA,2015-04-04T18:33:52.000Z,,Legal: Closed Opportunity,00XU0000000kGIeMAM,TRUE,FALSE,005U0000003p98gIAA,2015-04-04T18:33:52.000Z,,005U0000003p98gIAA,
005U0000003p98gIAA,2015-04-04T18:33:52.000Z,,Legal: Large Opportunity,00XU0000000kGIfMAM,TRUE,FALSE,005U0000003p98gIAA,2015-04-04T18:33:52.000Z,,005U0000003p98gIAA,
005U0000003p98gIAA,2015-04-04T18:33:52.000Z,,Legal: Opportunity Closed Lost,00XU0000000kGIgMAM,TRUE,FALSE,005U0000003qwMOIAY,2015-04-15T14:50:47.000Z,,005U0000003p98gIAA,
005U0000003p98gIAA,2015-04-04T18:33:52.000Z,,Legal: Opportunity Closed Won,00XU0000000kGIhMAM,TRUE,FALSE,005U0000003p98gIAA,2015-04-04T18:33:52.000Z,2016-03-31T20:20:12.000Z,005U0000003p98gIAA,1
005U0000003p98gIAA,2015-04-04T18:33:53.000Z,,Sales Credit Employee: Role Change,00XU0000000kGIiMAM,TRUE,FALSE,005U0000003qwMOIAY,2016-03-01T21:39:06.000Z,,005U0000003p98gIAA,
005U000000668oDIAQ,2016-11-23T15:51:25.000Z,,PBCS General,00X0B000000Nhp1UAC,TRUE,FALSE,005U000000668oDIAQ,2016-11-23T15:51:25.000Z,2016-12-28T20:16:21.000Z,005U000000668oDIAQ,10
005U000000668oDIAQ,2016-06-03T20:40:46.000Z,short FP&A vm follow up,short fp&a vm follow up,00XU0000000v6lZMAQ,TRUE,FALSE,005U000000668oDIAQ,2016-06-13T16:13:04.000Z,2016-08-26T18:32:49.000Z,005U000000668oDIAQ,29
005U000000668oDIAQ,2017-01-18T01:57:49.000Z,"Touch 3, Day 6","Touch 3, Day 6",00X0B000000NjaDUAS,TRUE,FALSE,005U000000668oDIAQ,2017-01-18T01:57:49.000Z,2017-02-21T21:11:50.000Z,005U000000668oDIAQ,559
005U000000668oDIAQ,2016-06-02T19:22:55.000Z,short SPM vm follow up,short SPM vm follow up,00XU0000000v6btMAA,TRUE,FALSE,005U000000668oDIAQ,2016-06-20T19:12:38.000Z,2016-06-27T19:05:39.000Z,005U000000668oDIAQ,23
005U000000668oDIAQ,2017-02-22T15:21:32.000Z,Dallas Event Invite,Dallas Event Invite,00X0B000000Nl9JUAS,TRUE,FALSE,005U000000668oDIAQ,2017-02-22T15:44:31.000Z,2017-02-27T19:20:03.000Z,005U000000668oDIAQ,895
005U000000668oDIAQ,2016-06-20T13:27:31.000Z,BI and Analtyics,"Fail to Plan, Plan to Fail - Gartner Report",00XU0000000e5sFMAQ,TRUE,FALSE,005U000000668oDIAQ,2016-07-08T18:35:05.000Z,2016-07-26T21:34:04.000Z,005U000000668oDIAQ,7
005U000000668oDIAQ,2017-01-04T20:34:51.000Z,follow up 2 email,Follow up 2 email,00X0B000000NjBhUAK,TRUE,FALSE,005U000000668oDIAQ,2017-01-04T21:00:25.000Z,2017-01-04T23:12:11.000Z,005U000000668oDIAQ,7
005U000000668oDIAQ,2017-02-09T19:07:12.000Z,"Touch 8, Day 18","Touch 8, Day 18",00X0B000000NkhZUAS,TRUE,FALSE,005U000000668oDIAQ,2017-02-09T19:07:12.000Z,2017-02-15T19:27:03.000Z,005U000000668oDIAQ,1461
005U0000003qwJIIAY,2015-04-24T17:46:20.000Z,,Sitecore ECM,00XU0000000kKUIMA2,TRUE,FALSE,005U0000003qwJIIAY,2015-04-24T17:46:29.000Z,,005U0000003qwJIIAY,
005U000000668oDIAQ,2016-08-03T16:12:34.000Z,,Health system - predictive analytics,00XU0000000eAvtMAE,TRUE,FALSE,005U000000668oDIAQ,2016-08-03T16:12:34.000Z,2016-10-25T20:03:21.000Z,005U000000668oDIAQ,7
005U000000668oDIAQ,2016-04-20T13:46:52.000Z,,4 % Campaign - May 2016,00XU0000000v3mUMAQ,TRUE,FALSE,005U000000668oDIAQ,2016-05-23T16:40:01.000Z,2016-11-01T16:14:25.000Z,005U000000668oDIAQ,12
005U000000668oDIAQ,2016-12-20T19:06:04.000Z,Ryan Client Huron story,Ryan Client Huron story,00X0B000000NimrUAC,TRUE,FALSE,005U000000668oDIAQ,2016-12-20T22:19:04.000Z,2016-12-28T20:35:42.000Z,005U000000668oDIAQ,15
005U000000668oDIAQ,2017-01-18T03:09:20.000Z,"Touch 6, Day 11","Touch 6, Day 11",00X0B000000NjaIUAS,TRUE,FALSE,005U000000668oDIAQ,2017-01-18T03:10:41.000Z,2017-03-16T21:25:10.000Z,005U000000668oDIAQ,2531
005U000000668oDIAQ,2016-12-19T17:38:06.000Z,,Still using spreadsheets for planning?,00X0B000000NihhUAC,TRUE,FALSE,005U000000668oDIAQ,2016-12-29T19:25:18.000Z,2016-12-20T15:36:55.000Z,005U000000668oDIAQ,555
005U000000668oDIAQ,2016-08-05T17:08:00.000Z,,3 Reasons why you need to Dump Spreadsheets,00XU0000000eBI4MAM,TRUE,FALSE,005U000000668oDIAQ,2016-08-05T17:18:57.000Z,2016-08-05T18:32:20.000Z,005U000000668oDIAQ,6
005U0000003YLZHIA4,2018-06-09T07:28:05.000Z,"Email a user receives when they try to reset their password, but have been locked out because of too many failed login attempts.",Communities: User Lockout Email,00X0B000000vksuUAA,TRUE,FALSE,005U0000003YLZHIA4,2018-06-09T07:28:05.000Z,,005U0000003YLZHIA4,
0050B000006EkIOQA0,2018-07-11T02:00:43.000Z,,CD - 2018 WRIHC - nonPartners,00X0B000000vliWUAQ,TRUE,FALSE,0050B000006EkIOQA0,2018-08-02T02:20:33.000Z,2018-08-02T23:57:50.000Z,0050B000006EkIOQA0,79
005U0000003qa58IAA,2018-08-01T18:00:03.000Z,,Demo - New Client Demo Request,00X0B000000vm8UUAQ,TRUE,FALSE,005U0000003qa58IAA,2018-08-01T18:33:34.000Z,,005U0000003qa58IAA,
005U000000668oDIAQ,2016-11-03T01:50:20.000Z,Schneider use case,Schneider use case,00X0B000000Nh6LUAS,TRUE,FALSE,005U000000668oDIAQ,2016-11-03T01:52:23.000Z,2016-11-03T14:00:03.000Z,005U000000668oDIAQ,9
005U0000003qwMMIAY,2016-04-14T16:05:21.000Z,Notification that the Field Trip batch process has completed.,Processing Completed,00XU0000000v3FGMAY,TRUE,FALSE,005U0000003qwMMIAY,2016-04-14T16:05:21.000Z,,005U0000003qwMMIAY,
005U000000668oDIAQ,2016-08-19T21:41:18.000Z,,Acutary Campaign,00XU0000000eCcZMAU,TRUE,FALSE,005U000000668oDIAQ,2016-08-19T21:41:18.000Z,,005U000000668oDIAQ,
005U0000003qwMOIAY,2018-08-15T19:41:49.000Z,,Life Sciences - New Opp,00X0B000000vmhFUAQ,TRUE,FALSE,005U0000003qwMOIAY,2018-08-15T19:41:49.000Z,,005U0000003qwMOIAY,
005U0000003qwMOIAY,2018-08-15T19:41:49.000Z,,Life Sciences - Opp in Commit Stage,00X0B000000vmhGUAQ,TRUE,FALSE,0050B000007vgOSQAY,2019-02-12T08:52:03.000Z,,005U0000003qwMOIAY,
005U000000668oDIAQ,2017-01-06T17:44:01.000Z,"Touch 2, Day 3, E-mail, CTA: Internal Referral","Touch 2, Day 3, E-mail, CTA: Internal Referral",00X0B000000NjFtUAK,TRUE,FALSE,005U000000668oDIAQ,2017-01-06T17:44:30.000Z,2017-04-10T20:48:49.000Z,005U000000668oDIAQ,3183
005U0000003qa58IAA,2015-08-21T01:29:49.000Z,Notification that user has been added to a community.,Communities: New Member Welcome Email,00XU00000011kGlMAI,TRUE,FALSE,005U0000003qa58IAA,2015-08-21T01:29:49.000Z,2022-02-14T17:10:16.000Z,005U0000003qa58IAA,2057
005U0000003qa58IAA,2015-08-21T01:29:49.000Z,Notification of new password,Communities: Changed Password Email,00XU00000011kGmMAI,TRUE,FALSE,005U0000003qa58IAA,2015-08-21T01:29:49.000Z,2022-02-14T17:10:24.000Z,005U0000003qa58IAA,1331
005U0000003qa58IAA,2015-08-21T01:29:49.000Z,Notification of new password when a user’s password is reset (because they forgot it),Communities: Forgot Password Email,00XU00000011kGnMAI,TRUE,FALSE,005U0000003qa58IAA,2015-08-21T01:29:49.000Z,2015-10-07T21:02:13.000Z,005U0000003qa58IAA,49
005U000000668oDIAQ,2017-01-26T19:50:49.000Z,"touch 7, finance close","Touch 7, finance close",00X0B000000Nk1sUAC,TRUE,FALSE,005U000000668oDIAQ,2017-01-26T19:50:49.000Z,2017-01-26T19:55:04.000Z,005U000000668oDIAQ,1471
005U000000668oDIAQ,2017-01-20T16:56:00.000Z,Thank you - Huron follow up,Thank you - Huron follow up,00X0B000000NjnvUAC,TRUE,FALSE,005U000000668oDIAQ,2017-01-20T17:43:16.000Z,2017-01-20T17:44:50.000Z,005U000000668oDIAQ,1
005U000000668oDIAQ,2017-01-04T21:37:17.000Z,Intro email 1 - pbcs,Intro email 1 - pbcs,00X0B000000NjC1UAK,TRUE,FALSE,005U000000668oDIAQ,2017-01-04T21:37:17.000Z,2017-04-05T19:55:49.000Z,005U000000668oDIAQ,1349
005U0000003qwMMIAY,2017-01-06T18:03:46.000Z,,ContactInitialMXEmail,00X0B000000NjGNUA0,TRUE,FALSE,005U0000003qwMOIAY,2017-06-06T19:17:50.000Z,,005U0000003qwMMIAY,
005U0000003qwMMIAY,2017-01-06T18:03:47.000Z,,ContactIsOpportunity,00X0B000000NjGOUA0,TRUE,FALSE,005U0000003qwMMIAY,2017-01-06T18:03:47.000Z,,005U0000003qwMMIAY,
005U0000003qwMMIAY,2017-01-06T18:03:47.000Z,,ContactIsReadyTGL,00X0B000000NjGPUA0,TRUE,FALSE,0054O000007xVGMQA2,2019-09-04T11:38:36.000Z,,005U0000003qwMMIAY,
005U0000003qwMMIAY,2017-01-06T18:03:47.000Z,,ContactIsTDL,00X0B000000NjGQUA0,TRUE,FALSE,005U0000003qwMMIAY,2017-10-13T18:02:39.000Z,,005U0000003qwMMIAY,
005U0000003qwMMIAY,2017-01-06T18:03:47.000Z,,ContactNeedsAttention,00X0B000000NjGRUA0,TRUE,FALSE,005U0000003qwMOIAY,2018-06-21T20:30:03.000Z,,005U0000003qwMMIAY,
005U0000003qwMMIAY,2017-01-06T18:03:47.000Z,,ContactNeedsQualification,00X0B000000NjGSUA0,TRUE,FALSE,0054O000009Z6i6QAC,2021-03-03T08:07:14.000Z,,005U0000003qwMMIAY,
005U0000003qwMMIAY,2017-01-06T18:03:47.000Z,,ContactRejected,00X0B000000NjGTUA0,TRUE,FALSE,005U0000003qwMMIAY,2017-10-13T18:11:57.000Z,,005U0000003qwMMIAY,
005U0000003qwMMIAY,2017-01-06T18:03:47.000Z,,LeadInitialMXEmail,00X0B000000NjGUUA0,TRUE,FALSE,005U0000003qwMOIAY,2017-06-06T19:17:19.000Z,,005U0000003qwMMIAY,
005U0000003qwMMIAY,2017-01-06T18:03:47.000Z,,LeadIsClosedLost,00X0B000000NjGVUA0,TRUE,FALSE,005U0000003qwMMIAY,2017-01-06T18:03:47.000Z,,005U0000003qwMMIAY,
005U0000003qwMMIAY,2017-01-06T18:03:47.000Z,,LeadIsClosedWon,00X0B000000NjGWUA0,TRUE,FALSE,005U0000003qwMMIAY,2017-01-06T18:03:47.000Z,,005U0000003qwMMIAY,
005U0000003qwMMIAY,2017-01-06T18:03:47.000Z,,LeadIsOpportunity,00X0B000000NjGXUA0,TRUE,FALSE,005U0000003qwMMIAY,2017-01-06T18:03:47.000Z,,005U0000003qwMMIAY,
005U0000003qwMMIAY,2017-01-06T18:03:47.000Z,,LeadIsReadyII,00X0B000000NjGYUA0,TRUE,FALSE,005U0000003qwMMIAY,2017-10-13T18:13:09.000Z,,005U0000003qwMMIAY,
005U0000003qwMMIAY,2017-01-06T18:03:47.000Z,,LeadIsTDL,00X0B000000NjGZUA0,TRUE,FALSE,005U0000003qwMMIAY,2017-10-13T18:13:58.000Z,,005U0000003qwMMIAY,
005U0000003qwMMIAY,2017-01-06T18:03:47.000Z,,LeadNeedsAttention,00X0B000000NjGaUAK,TRUE,FALSE,0054O000007xVGMQA2,2020-08-17T11:21:52.000Z,,005U0000003qwMMIAY,
005U0000003qwMMIAY,2017-01-06T18:03:48.000Z,,LeadNeedsQualification,00X0B000000NjGbUAK,TRUE,FALSE,0054O000009Z6i6QAC,2021-03-03T08:17:36.000Z,,005U0000003qwMMIAY,
005U0000003qwMMIAY,2017-01-06T18:03:48.000Z,,LeadRejected,00X0B000000NjGcUAK,TRUE,FALSE,005U0000003qwMMIAY,2017-10-13T18:15:50.000Z,,005U0000003qwMMIAY,
005U000000668oDIAQ,2016-07-06T21:03:51.000Z,mergers and acquisitions,Mergers and acquisitions,00XU0000000e7nMMAQ,TRUE,FALSE,005U000000668oDIAQ,2016-07-06T21:56:28.000Z,2016-07-07T21:25:21.000Z,005U000000668oDIAQ,15
005U000000668oDIAQ,2016-06-29T20:50:59.000Z,living in spreadsheets,living in spreadsheets,00XU0000000e7AjMAI,TRUE,FALSE,005U000000668oDIAQ,2016-07-06T16:38:20.000Z,2016-09-19T20:30:29.000Z,005U000000668oDIAQ,15
005U000000668oDIAQ,2016-07-05T16:17:10.000Z,specific request,Specific request,00XU0000000e7ZtMAI,TRUE,FALSE,005U000000668oDIAQ,2016-07-05T16:18:38.000Z,2016-07-05T22:09:04.000Z,005U000000668oDIAQ,1
005U000000668oDIAQ,2016-07-05T16:49:10.000Z,sales manager specific alignment,sales manager specific,00XU0000000e7ZyMAI,TRUE,FALSE,005U000000668oDIAQ,2016-07-05T16:54:21.000Z,2016-07-08T16:29:08.000Z,005U000000668oDIAQ,5
005U000000668oDIAQ,2016-07-20T17:37:16.000Z,,Advanced Analytics,00XU0000000e9NMMAY,TRUE,FALSE,005U000000668oDIAQ,2016-07-20T17:43:34.000Z,2016-09-19T18:49:32.000Z,005U000000668oDIAQ,15
005U000000668oDIAQ,2016-07-13T19:18:55.000Z,Sales VP and Sales Operations,Random custom reports?,00XU0000000e8ZBMAY,TRUE,FALSE,005U000000668oDIAQ,2016-07-13T20:11:40.000Z,2016-07-14T21:38:18.000Z,005U000000668oDIAQ,14
005U0000004YC6UIAW,2016-07-22T17:21:01.000Z,Community Connect Campaign Email 1,Connect 1,00XU0000000e9cbMAA,TRUE,FALSE,005U0000004YC6UIAW,2016-07-22T17:21:01.000Z,2016-07-22T17:25:33.000Z,005U0000004YC6UIAW,1
005U000000668oDIAQ,2016-07-12T20:46:33.000Z,,Healthare BI and Analytics,00XU0000000e8QxMAI,TRUE,FALSE,005U000000668oDIAQ,2016-07-12T21:06:07.000Z,,005U000000668oDIAQ,
005U0000003qa9PIAQ,2016-06-10T20:16:48.000Z,Notify clients that TECS will be closed for an upcoming holiday,TECS Holiday Letter (HTML),00XU0000000v7WaMAI,TRUE,FALSE,005U0000003qwIlIAI,2022-01-11T16:03:03.000Z,2022-01-11T16:48:56.000Z,005U0000003qa9PIAQ,11061
005U000000668oDIAQ,2016-12-29T19:24:50.000Z,Cloud delivers 2.1 times more ROI,Cloud delivers 2.1 times more ROI,00X0B000000Nj3xUAC,TRUE,FALSE,005U000000668oDIAQ,2016-12-29T19:24:50.000Z,,005U000000668oDIAQ,
005U000000668oDIAQ,2016-12-29T19:33:26.000Z,FCCS 2,FCCS 2,00X0B000000Nj42UAC,TRUE,FALSE,005U000000668oDIAQ,2016-12-29T19:33:26.000Z,,005U000000668oDIAQ,
005U0000005YvgbIAC,2015-08-28T13:32:31.000Z,,DCHS Ticket Submission,00XU00000011kPOMAY,FALSE,FALSE,005U0000005YvgbIAC,2015-08-28T13:32:31.000Z,,005U0000005YvgbIAC,
005U000000668oDIAQ,2016-12-15T17:35:09.000Z,,Sales Forecasting and Reporting,00X0B000000NialUAC,TRUE,FALSE,005U000000668oDIAQ,2016-12-15T18:04:18.000Z,,005U000000668oDIAQ,
005U0000003qa58IAA,2017-04-13T16:21:01.000Z,The E-mail sent out when an urgent case is marked responded.,Response to Urgent Case,00X0B000000NnG7UAK,TRUE,FALSE,005U0000003qa58IAA,2017-05-09T22:33:23.000Z,,005U0000003qa58IAA,
0050B000006EkIOQA0,2018-06-26T20:32:33.000Z,,CD - 2018 WRIHC - Partners CEO,00X0B000000vlRkUAI,TRUE,FALSE,0050B000006EkIOQA0,2018-07-02T15:44:30.000Z,2018-07-02T15:42:36.000Z,0050B000006EkIOQA0,46
005U0000004YBwAIAW,2016-03-21T18:34:03.000Z,SLM 2016 Campaign (Introduction to SLM),SLM 2016 Campaign,00XU0000000v1KJMAY,TRUE,FALSE,005U0000004YBwAIAW,2016-03-21T18:34:03.000Z,2016-03-22T12:30:07.000Z,005U0000004YBwAIAW,91
005U000000668oDIAQ,2016-05-25T21:47:37.000Z,FP&A,FP&A,00XU0000000v6A4MAI,TRUE,FALSE,005U000000668oDIAQ,2016-07-13T20:09:57.000Z,2016-11-01T14:55:21.000Z,005U000000668oDIAQ,33
005U0000005YvPbIAK,2016-05-26T17:05:03.000Z,,Case Notification DevOps,00XU0000000v6E1MAI,TRUE,FALSE,005U0000005YvPbIAK,2016-05-26T17:14:40.000Z,,005U0000005YvPbIAK,
005U000000668oDIAQ,2016-06-22T20:56:20.000Z,SPM and Sales Analytics,SPM and Sales Analytics,00XU0000000e6OfMAI,TRUE,FALSE,005U000000668oDIAQ,2016-07-22T19:14:59.000Z,2016-07-26T21:38:17.000Z,005U000000668oDIAQ,44
005U000000668oDIAQ,2016-06-23T16:19:44.000Z,78% of clients still using excel,78% of clients still using excel,00XU0000000e6UnMAI,TRUE,FALSE,005U000000668oDIAQ,2016-06-28T17:03:27.000Z,2016-07-12T18:20:05.000Z,005U000000668oDIAQ,36
005U0000004YC6UIAW,2016-06-22T14:23:30.000Z,text version of HM Campaign 2,HM Campaign 2 (Text),00XU0000000e6L2MAI,TRUE,FALSE,005U0000004YC6UIAW,2016-06-27T18:32:21.000Z,,005U0000004YC6UIAW,
005U0000004YC6UIAW,2016-06-27T18:39:12.000Z,text version of HM Campaign 0 - optimized,HM Campaign 0 (Text),00XU0000000e6qyMAA,TRUE,FALSE,005U0000004YC6UIAW,2016-06-27T18:57:24.000Z,2016-06-27T21:31:57.000Z,005U0000004YC6UIAW,31
005U000000668oDIAQ,2016-06-22T20:28:20.000Z,Financial Reporting and Analytics,Financial Reporting and Analytics,00XU0000000e6OQMAY,TRUE,FALSE,005U000000668oDIAQ,2016-06-22T20:39:22.000Z,2016-09-21T21:18:47.000Z,005U000000668oDIAQ,13
005U0000004YC6UIAW,2016-06-22T14:20:28.000Z,text version of HM Campaign 1,HM Campaign 1 (Text),00XU0000000e6KxMAI,TRUE,FALSE,005U0000004YC6UIAW,2016-07-22T17:11:51.000Z,2016-06-27T18:31:35.000Z,005U0000004YC6UIAW,13
005U0000003qa9PIAQ,2016-06-20T19:11:25.000Z,Notify CDI clients that TECS will be closed for an upcoming holiday,TECS Holiday Letter - CDI (HTML),00XU0000000e66HMAQ,TRUE,FALSE,005U0000003qwIlIAI,2022-01-11T16:04:35.000Z,2022-01-18T20:59:43.000Z,005U0000003qa9PIAQ,5974
005U000000668oDIAQ,2016-06-22T18:51:30.000Z,Huron Healthcare Intro,Huron Healthcare Intro,00XU0000000e6NSMAY,TRUE,FALSE,005U000000668oDIAQ,2016-09-30T17:21:44.000Z,2016-09-30T17:37:45.000Z,005U000000668oDIAQ,4
005U000000668oDIAQ,2016-06-28T19:05:08.000Z,grow covered lives,grow covered lives,00XU0000000e72QMAQ,TRUE,FALSE,005U000000668oDIAQ,2016-06-28T19:05:08.000Z,2016-06-29T21:10:57.000Z,005U000000668oDIAQ,2
005U000000668oDIAQ,2016-06-28T20:16:59.000Z,"Get your sales plans right—and keep them right to strategize, align, and optimize sales performance","Get your sales plans right—and keep them right to strategize, align, and optimiz",00XU0000000e73iMAA,TRUE,FALSE,005U000000668oDIAQ,2016-07-13T19:12:43.000Z,2016-07-13T19:23:43.000Z,005U000000668oDIAQ,58
005U000000668oDIAQ,2016-12-08T22:45:19.000Z,,Huron Intro - Zero Based Budgeting,00X0B000000NiLqUAK,TRUE,FALSE,005U000000668oDIAQ,2016-12-08T22:46:17.000Z,2016-12-08T22:53:01.000Z,005U000000668oDIAQ,3
005U000000668oDIAQ,2016-12-12T20:22:17.000Z,,PBCS Rapid Start Guide,00X0B000000NiPxUAK,TRUE,FALSE,005U000000668oDIAQ,2016-12-14T19:55:44.000Z,2016-12-27T23:30:01.000Z,005U000000668oDIAQ,44
005U000000668oDIAQ,2016-12-08T20:46:29.000Z,,Huron Intro - Salesforce Analytics,00X0B000000NiLMUA0,TRUE,FALSE,005U000000668oDIAQ,2016-12-08T20:46:29.000Z,2016-12-08T22:02:32.000Z,005U000000668oDIAQ,1
005U000000668oDIAQ,2016-12-08T22:35:00.000Z,,Zero Based Budgeting,00X0B000000NiLlUAK,TRUE,FALSE,005U000000668oDIAQ,2016-12-08T22:35:00.000Z,,005U000000668oDIAQ,
005U0000003qwJIIAY,2015-06-23T22:53:52.000Z,Used only to send campaign to Sitecore,Send to Sitecore,00XU0000000kWZyMAM,TRUE,FALSE,005U0000003qwJIIAY,2015-06-23T22:53:52.000Z,,005U0000003qwJIIAY,
005U000000668oDIAQ,2016-09-14T18:50:11.000Z,Improve your financial close process,Financial Close,00X0B000000FA22UAG,TRUE,FALSE,005U000000668oDIAQ,2016-12-07T18:30:56.000Z,2016-12-07T22:40:27.000Z,005U000000668oDIAQ,11
005U000000668oDIAQ,2016-09-07T15:19:25.000Z,The average user adoption rate for BI projects is less than 30%.,The average user adoption rate for BI projects is less than 30%.,00X0B000000F9eKUAS,TRUE,FALSE,005U000000668oDIAQ,2016-09-08T21:09:21.000Z,2016-09-14T21:48:15.000Z,005U000000668oDIAQ,15
005U000000668oDIAQ,2016-09-14T17:37:14.000Z,Huron Intro - Patient Engagement,Patient Engagement,00X0B000000FA1nUAG,TRUE,FALSE,005U000000668oDIAQ,2016-09-14T17:37:14.000Z,2016-09-20T21:29:41.000Z,005U000000668oDIAQ,5
005U0000005YvgrIAC,2015-09-28T16:42:12.000Z,,Basic Response,00XU00000011l5KMAQ,TRUE,FALSE,005U0000005YvgrIAC,2015-09-28T20:45:23.000Z,2015-11-16T20:20:59.000Z,005U0000005YvgrIAC,46
005U0000003qwMMIAY,2016-08-27T03:02:29.000Z,Notification of Renewal activation,RenewalNotification,00X0B000000K5pRUAS,TRUE,FALSE,005U0000003qwMMIAY,2016-08-27T03:02:29.000Z,,005U0000003qwMMIAY,
005U0000004YC1oIAG,2016-09-14T15:19:31.000Z,,Test LS template,00X0B000000FA0GUAW,FALSE,FALSE,005U0000004YC1oIAG,2016-09-14T15:23:42.000Z,,005U0000004YC1oIAG,
005U000000668oDIAQ,2016-08-29T20:22:18.000Z,Planning and Budgeting,Planning and Budgeting,00X0B000000F9IYUA0,TRUE,FALSE,005U000000668oDIAQ,2016-09-02T19:32:52.000Z,2016-12-28T17:52:54.000Z,005U000000668oDIAQ,739
005U0000003qa58IAA,2016-09-09T23:11:04.000Z,,Case: Requirements Change Notification,00X0B000000F9oAUAS,TRUE,FALSE,005U0000003qa58IAA,2016-09-09T23:12:14.000Z,,005U0000003qa58IAA,
005U0000003qwMMIAY,2016-09-06T17:47:25.000Z,Notification of Renewa/Extensionl activation,RenewaExtensionlNotification,00X0B000000F9b6UAC,TRUE,FALSE,005U0000003qwMMIAY,2016-09-06T17:48:54.000Z,2017-06-26T19:57:14.000Z,005U0000003qwMMIAY,1
005U0000003qa58IAA,2016-09-09T17:01:48.000Z,,Case: Description Change Notification,00X0B000000F9msUAC,TRUE,FALSE,005U0000003qa58IAA,2016-09-09T20:08:07.000Z,,005U0000003qa58IAA,
005U0000003qa58IAA,2016-09-12T23:04:04.000Z,,Case: Closed by other Notification,00X0B000000F9urUAC,TRUE,FALSE,005U0000003qa58IAA,2016-09-12T23:06:09.000Z,,005U0000003qa58IAA,
005U0000005VlEYIA0,2016-09-13T21:27:07.000Z,This template can be used for the Strategy team's thought leadership outreach,ELS LS Strategy Team Pricing a Cure Outreach Template,00X0B000000F9yyUAC,TRUE,FALSE,005U0000005VlEYIA0,2016-09-15T21:59:36.000Z,2017-03-15T19:18:14.000Z,005U0000005VlEYIA0,37
005U0000003qwJJIAY,2017-04-04T18:17:06.000Z,"New Answers to Your Patient Liability, Payer Denials and Professional Fee Questions",SURGE RC April 2017,00X0B000000NmppUAC,TRUE,FALSE,005U0000003qwJJIAY,2017-04-13T20:20:58.000Z,2019-04-11T23:56:02.000Z,005U0000003qwJJIAY,225
005U0000003pGVmIAM,2015-06-24T19:42:12.000Z,Standard template for Case Assignment.,Case: Case Assigned,00XU0000000kWjFMAU,TRUE,FALSE,005U0000003pGVmIAM,2015-06-24T19:54:32.000Z,2019-01-29T12:42:51.000Z,005U0000003pGVmIAM,3
005U0000005YvgrIAC,2015-10-15T15:29:37.000Z,Send client contact TCD associated with case,Case TCD,00XU000000161CtMAI,TRUE,FALSE,005U0000005YvgrIAC,2015-10-15T15:29:37.000Z,2015-10-29T19:41:40.000Z,005U0000005YvgrIAC,1
005U0000003qwJIIAY,2015-10-12T17:34:27.000Z,,Test Contact Outreach Email,00XU000000160qOMAQ,FALSE,FALSE,005U0000003qwJIIAY,2015-10-12T17:45:29.000Z,,005U0000003qwJIIAY,
005U0000005YvgrIAC,2015-10-01T23:49:33.000Z,,New TCD,00XU00000011lDYMAY,TRUE,FALSE,005U0000005YvgrIAC,2015-10-01T23:49:33.000Z,2015-10-01T23:52:22.000Z,005U0000005YvgrIAC,1
005U0000005YvgrIAC,2015-09-25T20:02:43.000Z,New Request - Aeos,New Request - Aeos,00XU00000011l47MAA,TRUE,FALSE,005U0000005YvgrIAC,2015-10-06T15:37:08.000Z,2015-12-07T16:51:36.000Z,005U0000005YvgrIAC,11
005U0000003otDUIAY,2015-04-07T18:15:23.000Z,Email Template for Rejected Sales Credit,Sales Credit Rejected,00XU0000000kGj9MAE,TRUE,FALSE,005U0000003qwMOIAY,2017-05-09T15:54:16.000Z,,005U0000003otDUIAY,
005U0000005YvgrIAC,2015-09-25T19:55:30.000Z,New Request - Legacy,New Request - Legacy,00XU00000011l42MAA,TRUE,FALSE,005U0000005YvgrIAC,2015-10-06T15:37:15.000Z,2016-01-28T18:07:31.000Z,005U0000005YvgrIAC,14
005U0000003otDUIAY,2015-04-07T17:56:52.000Z,Email Template for Approved Sales Credit,Sales Credit Approved,00XU0000000kGifMAE,TRUE,FALSE,005U0000003qwMOIAY,2017-03-28T18:03:24.000Z,,005U0000003otDUIAY,
005U0000003qwMMIAY,2017-05-01T17:49:18.000Z,,MXFirstLeadEmailText,00X0B000000NnpbUAC,TRUE,FALSE,005U0000003qwMOIAY,2017-06-06T19:16:18.000Z,,005U0000003qwMMIAY,
005U0000003qa58IAA,2015-11-24T23:08:35.000Z,,Case Create Notification,00XU000000165wRMAQ,TRUE,FALSE,0050B000007vgOSQAY,2021-06-08T13:23:34.000Z,2017-05-03T17:35:56.000Z,005U0000003qa58IAA,2
005U0000003qwMMIAY,2015-12-12T04:14:20.000Z,,SCemail,00XU000000167laMAA,TRUE,FALSE,005U0000003qwMMIAY,2015-12-17T19:15:24.000Z,2020-01-05T14:00:07.000Z,005U0000003qwMMIAY,675
0050B000006EkIOQA0,2018-09-19T18:53:44.000Z,,CD - Email to Nursing Leaders for October Studer Conf,00X0B000000vo6zUAA,FALSE,FALSE,0050B000006EkIOQA0,2018-09-19T18:54:11.000Z,,0050B000006EkIOQA0,
0050B000006EboLQAS,2018-09-07T12:47:21.000Z,Notify clients of scheduled system maintenance,TECS Maintenance Weekend (HTML),00X0B000000vnWDUAY,TRUE,FALSE,005U0000003qa9PIAQ,2019-05-03T15:49:01.000Z,2022-02-07T16:01:09.000Z,0050B000006EboLQAS,4693
0050B000006EkIOQA0,2018-10-15T15:10:59.000Z,,CD - LV Subscription,00X0B000000vomgUAA,TRUE,FALSE,0050B000006EkIOQA0,2018-10-15T15:31:02.000Z,2018-10-15T15:46:15.000Z,0050B000006EkIOQA0,4
0050B000007vgOSQAY,2018-10-08T08:31:31.000Z,,Life Sciences - Opp in Lost Stage,00X0B000000voW9UAI,TRUE,FALSE,0050B000007vgOSQAY,2018-10-08T08:31:31.000Z,,0050B000007vgOSQAY,
005U0000003YLZHIA4,2018-10-13T07:19:43.000Z,Email that users receive with their verification code.,Communities: One-Time Password Email,00X0B000000voiQUAQ,TRUE,FALSE,005U0000003YLZHIA4,2018-10-13T07:19:43.000Z,,005U0000003YLZHIA4,
0050B000006EkIOQA0,2018-09-19T19:05:15.000Z,,CD - General Oct 18 Studer Conf Invite,00X0B000000vo7JUAQ,FALSE,FALSE,0050B000006EkIOQA0,2018-09-19T19:05:15.000Z,,0050B000006EkIOQA0,
005U0000003qwIlIAI,2018-12-13T17:10:47.000Z,Notify clients of issues with Urgent Support Line,TECS Urgent Support Notification,00X0B000000SclgUAC,TRUE,FALSE,005U0000003qwIlIAI,2018-12-13T17:13:33.000Z,,005U0000003qwIlIAI,
005U0000003YLZHIA4,2019-02-09T11:14:06.000Z,Email message a user receives when asynchronous email verification is invoked.,Communities: User Verification Email,00X0B000000vrRlUAI,TRUE,FALSE,005U0000003YLZHIA4,2019-02-09T11:14:06.000Z,,005U0000003YLZHIA4,
005U0000003qwMMIAY,2017-09-19T14:58:09.000Z,,ContactInitialMXEmailText,00X0B000000ve7EUAQ,TRUE,FALSE,005U0000003qwMMIAY,2017-09-19T14:58:54.000Z,,005U0000003qwMMIAY,
005U0000003qwJJIAY,2017-05-25T15:39:39.000Z,,SURGE Post Acute May 2017,00X0B000000NpHvUAK,TRUE,FALSE,005U0000004YC4bIAG,2017-05-25T16:03:58.000Z,2017-06-20T16:40:49.000Z,005U0000003qwJJIAY,2
0050B000007wpJyQAI,2022-01-26T18:14:49.000Z,Used for test case to show team how to create,SE_test case email template,00X4O000001J3SLUA0,TRUE,FALSE,0050B000007wpJyQAI,2022-01-26T18:14:49.000Z,,0050B000007wpJyQAI,
0054O0000092eNfQAI,2020-08-24T13:07:18.000Z,Impact COVID-19 has had on financial services/crimes/compliance,"Financial Crime & Compliance Post COVID-19, Are you Prepared?",00X4O000000OFJmUAO,TRUE,FALSE,0054O0000092eNfQAI,2020-08-24T14:30:54.000Z,,0054O0000092eNfQAI,
0054O0000099wVgQAI,2021-04-01T00:05:00.000Z,Put in Seismic,EDU GET,00X4O000000OLeMUAW,TRUE,FALSE,0054O0000099wVgQAI,2021-04-01T00:05:00.000Z,,0054O0000099wVgQAI,
0050B000007wpJyQAI,2022-01-26T18:17:31.000Z,Testing,Test Template,00X4O000001J3SQUA0,TRUE,FALSE,0050B000007wpJyQAI,2022-01-26T18:17:31.000Z,,0050B000007wpJyQAI,
0050B000007wpJyQAI,2022-01-26T18:45:39.000Z,Testing,PASA Follow Up,00X4O000001J3SaUAK,TRUE,FALSE,0050B000007wpJyQAI,2022-01-26T18:45:39.000Z,2022-01-26T18:46:02.000Z,0050B000007wpJyQAI,1
0050B000006EDAQQA4,2021-04-07T19:40:37.000Z,,Debbie Ritchie NPS Survey Invite 4-7-21,00X4O000000OLo2UAG,TRUE,FALSE,0050B000006EDAQQA4,2021-04-07T19:49:43.000Z,,0050B000006EDAQQA4,
0054O000009bovmQAA,2021-04-26T15:15:11.000Z,,KC NPS Template,00X4O000000OMOPUA4,TRUE,FALSE,0054O000009bovmQAA,2021-04-26T15:15:11.000Z,,0054O000009bovmQAA,
0050B000006ED5vQAG,2019-06-24T20:28:04.000Z,The purpose of this template is to easily populate a standard email signature.,Standard Email Signature - Brian Kennedy,00X4O000000vsl3UAA,TRUE,FALSE,0050B000006ED5vQAG,2019-06-24T20:28:04.000Z,2019-10-01T17:50:06.000Z,0050B000006ED5vQAG,4
0054O00000AJs7tQAD,2022-01-28T17:13:33.000Z,,DHP CI New Partner Invitation,00X4O000001J3VAUA0,TRUE,FALSE,0054O00000AJs7tQAD,2022-01-28T17:13:33.000Z,2022-02-09T20:42:13.000Z,0054O00000AJs7tQAD,13
0050B000007vgOSQAY,2021-03-27T10:12:30.000Z,Boilerplate content for when you embed a link to a survey in an email. You can't embed a survey link if you edit the merge fields or delete this template.,Embed_a_Survey_Link,00X4O000000OLWXUA4,TRUE,FALSE,0050B000007vgOSQAY,2021-03-27T10:12:30.000Z,,0050B000007vgOSQAY,
0050B000007vgOSQAY,2021-03-27T10:12:30.000Z,Boilerplate content for when you embed a link to a survey in an email. You can't embed a survey question if you edit the merge fields or delete this template.,Embed_a_Survey_Question,00X4O000000OLWYUA4,TRUE,FALSE,0050B000007vgOSQAY,2021-03-27T10:12:30.000Z,,0050B000007vgOSQAY,
0054O00000ABwS1QAL,2021-09-22T16:49:17.000Z,,NPS EDU update,00X4O000001J1CpUAK,TRUE,FALSE,0054O00000ABwS1QAL,2021-09-22T16:49:17.000Z,,0054O00000ABwS1QAL,
005U0000006iWDpIAM,2021-09-13T13:17:04.000Z,,ESA NPS Promoter Score Email,00X4O000001J11DUAS,TRUE,FALSE,005U0000006iWDpIAM,2021-09-13T13:17:04.000Z,,005U0000006iWDpIAM,
0054O000009ZlOCQA0,2021-09-29T12:41:54.000Z,,HEI_NPS,00X4O000001J1JWUA0,TRUE,FALSE,0054O000009ZlOCQA0,2021-09-29T12:41:54.000Z,,0054O000009ZlOCQA0,
005U0000006iWDpIAM,2021-04-16T12:40:59.000Z,,ES&A NPS Email Template,00X4O000000OM7nUAG,TRUE,FALSE,005U0000006iWDpIAM,2021-04-16T12:40:59.000Z,,005U0000006iWDpIAM,
005U0000006iWDpIAM,2021-04-16T13:15:54.000Z,,Test Template,00X4O000000OM7xUAG,TRUE,FALSE,005U0000006iWDpIAM,2021-04-16T13:15:54.000Z,,005U0000006iWDpIAM,
005U0000004YC4BIAW,2021-04-23T19:53:26.000Z,updated subject,EDU NPS Template_V2,00X4O000000OMMdUAO,TRUE,FALSE,005U0000004YC4BIAW,2021-04-23T19:53:26.000Z,,005U0000004YC4BIAW,
0054O00000AKolrQAD,2022-02-04T13:19:01.000Z,,NPS Template,00X4O000001J3bhUAC,TRUE,FALSE,0054O00000AKolrQAD,2022-02-04T13:19:01.000Z,,0054O00000AKolrQAD,
0054O000009bovmQAA,2021-08-25T14:39:55.000Z,,KC NPS Template 2,00X4O000001J0SwUAK,TRUE,FALSE,0054O000009bovmQAA,2021-08-25T14:39:55.000Z,,0054O000009bovmQAA,
0054O000007xQi6QAE,2019-08-07T17:09:22.000Z,On Behalf of Pat,DHP Pensacola,00X4O000001IgSmUAK,TRUE,FALSE,0054O000007xQi6QAE,2019-08-07T17:09:22.000Z,2019-08-07T18:42:20.000Z,0054O000007xQi6QAE,11
005U0000003qy0SIAQ,2021-04-07T19:21:41.000Z,,ES&A NPS Template April 21,00X4O000000OLnxUAG,TRUE,FALSE,005U0000003qy0SIAQ,2021-04-13T17:15:19.000Z,,005U0000003qy0SIAQ,
0054O000007xQi6QAE,2019-08-07T17:12:19.000Z,On behalf of SE,SDMF Invite,00X4O000001IgSwUAK,TRUE,FALSE,0054O000007xQi6QAE,2019-08-07T17:12:19.000Z,,0054O000007xQi6QAE,
0054O000007xQi6QAE,2019-08-12T20:20:26.000Z,KK and Ryan,CASE Follow ups,00X4O000001IgUnUAK,TRUE,FALSE,0054O000007xQi6QAE,2019-08-12T20:20:26.000Z,2019-08-12T20:21:40.000Z,0054O000007xQi6QAE,5
0054O000007xQi6QAE,2019-08-12T19:00:24.000Z,Get to a call-- Pat/Ryan,WRIE Follow up,00X4O000001IgUTUA0,TRUE,FALSE,0054O000007xQi6QAE,2019-08-12T19:03:49.000Z,2019-08-16T20:15:53.000Z,0054O000007xQi6QAE,15
0054O000007xQi6QAE,2019-08-07T17:10:34.000Z,On Behalf of Pat,DHP NOLA,00X4O000001IgSrUAK,TRUE,FALSE,0054O000007xQi6QAE,2019-08-07T17:10:34.000Z,,0054O000007xQi6QAE,
0054O000008rDhUQAU,2021-02-17T19:24:17.000Z,,Test Email Template,00X4O000000OKKLUA4,TRUE,FALSE,0054O000008rDhUQAU,2021-02-17T19:24:17.000Z,,0054O000008rDhUQAU,
0054O000007xQi6QAE,2019-06-24T20:33:20.000Z,,Email Signature,00X4O000000vsl8UAA,TRUE,FALSE,0054O000007xQi6QAE,2019-06-24T20:33:20.000Z,2020-02-10T19:41:25.000Z,0054O000007xQi6QAE,82
0054O000007xQi6QAE,2020-01-17T17:19:47.000Z,,WI State Ed Convention Pre-Note,00X4O000001IjOnUAK,TRUE,FALSE,0054O000007xQi6QAE,2020-01-17T17:20:03.000Z,2020-01-17T17:32:18.000Z,0054O000007xQi6QAE,1
005U0000006iWDpIAM,2021-08-24T17:33:26.000Z,,MS Net Promoter Score Template,00X4O000001J0RtUAK,TRUE,FALSE,005U0000006iWDpIAM,2021-08-24T17:33:26.000Z,,005U0000006iWDpIAM,
005U0000004YC4BIAW,2021-04-14T17:49:56.000Z,,EDU NPS Template_v1,00X4O000000OM3lUAG,TRUE,FALSE,005U0000004YC4BIAW,2021-04-14T17:49:56.000Z,,005U0000004YC4BIAW,
005U0000005W4rFIAS,2021-04-06T20:54:32.000Z,,Net Promoter Score Template,00X4O000000OLmGUAW,TRUE,FALSE,005U0000003qwMMIAY,2021-08-20T13:28:34.000Z,,005U0000005W4rFIAS,
0050B000007wr1DQAQ,2020-08-18T21:18:27.000Z,,AML Post COVID-19 Campaign,00X4O000000OF93UAG,TRUE,FALSE,0050B000007wr1DQAQ,2020-08-20T15:08:24.000Z,2020-08-20T15:08:49.000Z,0050B000007wr1DQAQ,3
0054O0000092fIbQAI,2021-04-26T21:42:11.000Z,,NPS EDU Update,00X4O000000OMOyUAO,TRUE,FALSE,0054O0000092fIbQAI,2021-08-18T19:24:47.000Z,,0054O0000092fIbQAI,
005U0000004YC4BIAW,2021-08-18T19:20:49.000Z,,EDU NPS Template V3,00X4O000001J0LbUAK,TRUE,FALSE,005U0000004YC4BIAW,2021-08-18T19:21:04.000Z,,005U0000004YC4BIAW,
